Subject,ZCTA5 10472,,,ZCTA5 11428,,,ZCTA5 11432,,,ZCTA5 11226,,,ZCTA5 11416,,,ZCTA5 10452,,,ZCTA5 11436,,,ZCTA5 11208,,,ZCTA5 10031,,,ZCTA5 11433,,,ZCTA5 11203,,,ZCTA5 11236,,,ZCTA5 11377,,,ZCTA5 10468,,,ZCTA5 11421,,,ZCTA5 11691,,,ZCTA5 11237,,,ZCTA5 11219,,,ZCTA5 11411,,,ZCTA5 11232,,,ZCTA5 11429,,,ZCTA5 11373,,,ZCTA5 11372,,,ZCTA5 11369,,,ZCTA5 11368,,
,Number,MOE,Pct,Number,MOE,Pct,Number,MOE,Pct,Number,MOE,Pct,Number,MOE,Pct,Number,MOE,Pct,Number,MOE,Pct,Number,MOE,Pct,Number,MOE,Pct,Number,MOE,Pct,Number,MOE,Pct,Number,MOE,Pct,Number,MOE,Pct,Number,MOE,Pct,Number,MOE,Pct,Number,MOE,Pct,Number,MOE,Pct,Number,MOE,Pct,Number,MOE,Pct,Number,MOE,Pct,Number,MOE,Pct,Number,MOE,Pct,Number,MOE,Pct,Number,MOE,Pct,Number,MOE,Pct
D1. AGE,,,,,,,,,,,,,,,,,,,,,,,,,,,,,,,,,,,,,,,,,,,,,,,,,,,,,,,,,,,,,,,,,,,,,,,,,,,
Universe: Total population,,,,,,,,,,,,,,,,,,,,,,,,,,,,,,,,,,,,,,,,,,,,,,,,,,,,,,,,,,,,,,,,,,,,,,,,,,,
Total population,68796,+/- 1716,,18929,+/- 861,,62053,+/- 2158,,100277,+/- 2755,,27125,+/- 1152,,76078,+/- 1927,,20077,+/- 917,,98660,+/- 2227,,60254,+/- 2086,,36489,+/- 1610,,75451,+/- 1976,,100331,+/- 2339,,86421,+/- 2690,,78647,+/- 2135,,41002,+/- 1295,,67094,+/- 2785,,49310,+/- 1833,,90036,+/- 2709,,20759,+/- 771,,27602,+/- 1461,,27403,+/- 1261,,93967,+/- 2535,,61844,+/- 2482,,34118,+/- 1408,,112425,+/- 3121,
  Under 5 years,5404,+/- 601,7.9,934,+/- 187,4.9,4156,+/- 476,6.7,6841,+/- 670,6.8,1840,+/- 286,6.8,5322,+/- 552,7,1182,+/- 224,5.9,8567,+/- 760,8.7,3190,+/- 533,5.3,2254,+/- 351,6.2,4228,+/- 523,5.6,6574,+/- 528,6.6,4236,+/- 555,4.9,7573,+/- 817,9.6,2580,+/- 358,6.3,6877,+/- 924,10.2,2838,+/- 440,5.8,11604,+/- 757,12.9,938,+/- 168,4.5,1756,+/- 294,6.4,1343,+/- 284,4.9,5618,+/- 670,6,3423,+/- 634,5.5,2445,+/- 390,7.2,10131,+/- 940,9
  5 to 9 years,5460,+/- 677,7.9,1035,+/- 203,5.5,3148,+/- 354,5.1,6166,+/- 578,6.1,1642,+/- 231,6.1,6110,+/- 529,8,1263,+/- 191,6.3,7657,+/- 684,7.8,2445,+/- 452,4.1,2030,+/- 298,5.6,4570,+/- 461,6.1,5472,+/- 478,5.5,4155,+/- 436,4.8,5607,+/- 597,7.1,2321,+/- 285,5.7,6294,+/- 642,9.4,2782,+/- 326,5.6,8794,+/- 630,9.8,854,+/- 143,4.1,2008,+/- 264,7.3,1380,+/- 245,5,5164,+/- 539,5.5,2983,+/- 441,4.8,1715,+/- 244,5,8373,+/- 658,7.4
  10 to 14 years,4874,+/- 562,7.1,1030,+/- 182,5.4,3488,+/- 358,5.6,5767,+/- 509,5.8,1769,+/- 229,6.5,6605,+/- 638,8.7,1277,+/- 210,6.4,6547,+/- 561,6.6,2613,+/- 438,4.3,2723,+/- 423,7.5,4297,+/- 417,5.7,6425,+/- 483,6.4,4138,+/- 467,4.8,5057,+/- 520,6.4,2456,+/- 301,6,4748,+/- 591,7.1,3187,+/- 399,6.5,8067,+/- 634,9,1253,+/- 186,6,1328,+/- 214,4.8,1533,+/- 218,5.6,4804,+/- 442,5.1,3220,+/- 505,5.2,1946,+/- 251,5.7,7821,+/- 693,7
  15 to 19 years,4802,+/- 509,7,1165,+/- 193,6.2,5338,+/- 486,8.6,5763,+/- 532,5.7,1970,+/- 225,7.3,5939,+/- 570,7.8,1149,+/- 163,5.7,6782,+/- 538,6.9,2998,+/- 482,5,2717,+/- 378,7.4,4220,+/- 403,5.6,6405,+/- 482,6.4,3535,+/- 436,4.1,4654,+/- 509,5.9,2445,+/- 287,6,4326,+/- 532,6.4,2549,+/- 369,5.2,6166,+/- 438,6.8,1013,+/- 143,4.9,1286,+/- 221,4.7,1741,+/- 237,6.4,4710,+/- 503,5,2272,+/- 398,3.7,1862,+/- 254,5.5,6385,+/- 635,5.7
  20 to 24 years,6022,+/- 659,8.8,1171,+/- 207,6.2,4948,+/- 490,8,7104,+/- 601,7.1,2000,+/- 258,7.4,6311,+/- 655,8.3,1471,+/- 199,7.3,7446,+/- 607,7.5,5539,+/- 673,9.2,2825,+/- 371,7.7,5205,+/- 429,6.9,7363,+/- 548,7.3,4713,+/- 572,5.5,6465,+/- 645,8.2,3117,+/- 310,7.6,4628,+/- 625,6.9,5265,+/- 527,10.7,6314,+/- 508,7,1491,+/- 219,7.2,1790,+/- 287,6.5,2242,+/- 306,8.2,5807,+/- 579,6.2,2746,+/- 438,4.4,2413,+/- 268,7.1,7834,+/- 705,7
  25 to 34 years,10791,+/- 746,15.7,2688,+/- 310,14.2,8948,+/- 646,14.4,19158,+/- 1045,19.1,3998,+/- 353,14.7,12182,+/- 926,16,3099,+/- 335,15.4,15704,+/- 935,15.9,14258,+/- 1158,23.7,5687,+/- 585,15.6,10861,+/- 666,14.4,14252,+/- 685,14.2,13846,+/- 916,16,13943,+/- 964,17.7,6031,+/- 491,14.7,9521,+/- 915,14.2,13520,+/- 829,27.4,12828,+/- 808,14.2,2524,+/- 275,12.2,6363,+/- 657,23.1,3955,+/- 384,14.4,16702,+/- 969,17.8,9819,+/- 942,15.9,5064,+/- 445,14.8,20989,+/- 1126,18.7
  35 to 44 years,8466,+/- 686,12.3,2306,+/- 273,12.2,7838,+/- 578,12.6,14579,+/- 830,14.5,3667,+/- 313,13.5,10461,+/- 768,13.8,2819,+/- 299,14,12900,+/- 772,13.1,7957,+/- 883,13.2,4372,+/- 472,12,9333,+/- 538,12.4,12799,+/- 650,12.8,16519,+/- 946,19.1,9546,+/- 758,12.1,5913,+/- 419,14.4,6953,+/- 714,10.4,7397,+/- 556,15,9898,+/- 676,11,2560,+/- 268,12.3,4675,+/- 449,16.9,3374,+/- 360,12.3,13909,+/- 845,14.8,11455,+/- 846,18.5,4625,+/- 383,13.6,18072,+/- 1134,16.1
  45 to 54 years,8785,+/- 652,12.8,3138,+/- 317,16.6,7624,+/- 534,12.3,11786,+/- 713,11.8,4137,+/- 316,15.3,9664,+/- 748,12.7,3153,+/- 290,15.7,13153,+/- 776,13.3,8395,+/- 799,13.9,4914,+/- 502,13.5,9401,+/- 529,12.5,13465,+/- 644,13.4,12022,+/- 729,13.9,10357,+/- 738,13.2,5627,+/- 460,13.7,7854,+/- 710,11.7,5007,+/- 506,10.2,7977,+/- 561,8.9,3071,+/- 275,14.8,3876,+/- 433,14,4086,+/- 369,14.9,12718,+/- 782,13.5,9113,+/- 799,14.7,4824,+/- 393,14.1,13344,+/- 1020,11.9
  55 to 59 years,3255,+/- 374,4.7,1351,+/- 185,7.1,4160,+/- 405,6.7,5286,+/- 534,5.3,1870,+/- 204,6.9,4242,+/- 481,5.6,1418,+/- 189,7.1,5823,+/- 491,5.9,2850,+/- 440,4.7,2351,+/- 380,6.4,5327,+/- 439,7.1,7202,+/- 474,7.2,5785,+/- 576,6.7,4669,+/- 482,5.9,3178,+/- 338,7.8,4097,+/- 508,6.1,1944,+/- 313,3.9,3813,+/- 320,4.2,1834,+/- 201,8.8,1225,+/- 210,4.4,1876,+/- 283,6.8,5906,+/- 559,6.3,3818,+/- 596,6.2,2266,+/- 251,6.6,5042,+/- 601,4.5
  60 to 64 years,3274,+/- 419,4.8,1241,+/- 187,6.6,3728,+/- 392,6,5904,+/- 505,5.9,1452,+/- 170,5.4,3090,+/- 411,4.1,1133,+/- 170,5.6,5147,+/- 475,5.2,3461,+/- 489,5.7,2147,+/- 344,5.9,4458,+/- 391,5.9,6768,+/- 455,6.7,4367,+/- 462,5.1,2964,+/- 405,3.8,2155,+/- 239,5.3,3480,+/- 491,5.2,1505,+/- 249,3.1,3948,+/- 356,4.4,1242,+/- 169,6,1083,+/- 205,3.9,1910,+/- 248,7,5892,+/- 570,6.3,3355,+/- 469,5.4,1711,+/- 238,5,4715,+/- 574,4.2
  65 to 74 years,4280,+/- 463,6.2,2023,+/- 238,10.7,4698,+/- 413,7.6,7065,+/- 614,7,1654,+/- 207,6.1,3904,+/- 439,5.1,1284,+/- 167,6.4,5692,+/- 462,5.8,3462,+/- 481,5.7,2711,+/- 344,7.4,7359,+/- 454,9.8,8564,+/- 465,8.5,7570,+/- 605,8.8,4673,+/- 473,5.9,3308,+/- 327,8.1,4401,+/- 486,6.6,2021,+/- 300,4.1,5879,+/- 431,6.5,2181,+/- 207,10.5,1364,+/- 222,4.9,2307,+/- 270,8.4,7349,+/- 552,7.8,5857,+/- 633,9.5,2824,+/- 301,8.3,5709,+/- 571,5.1
  75 to 84 years,2529,+/- 296,3.7,654,+/- 125,3.5,2862,+/- 307,4.6,3623,+/- 397,3.6,833,+/- 136,3.1,1550,+/- 305,2,526,+/- 98,2.6,2287,+/- 327,2.3,2333,+/- 412,3.9,1177,+/- 186,3.2,4572,+/- 345,6.1,3512,+/- 312,3.5,4280,+/- 509,5,2220,+/- 358,2.8,1307,+/- 208,3.2,2786,+/- 409,4.2,948,+/- 186,1.9,2688,+/- 356,3,1319,+/- 160,6.4,663,+/- 150,2.4,1221,+/- 192,4.5,3984,+/- 456,4.2,2652,+/- 442,4.3,1675,+/- 240,4.9,2767,+/- 348,2.5
  85 years and over,854,+/- 172,1.2,193,+/- 57,1,1117,+/- 200,1.8,1235,+/- 265,1.2,293,+/- 72,1.1,698,+/- 222,0.9,303,+/- 76,1.5,955,+/- 201,1,753,+/- 212,1.2,581,+/- 161,1.6,1620,+/- 220,2.1,1530,+/- 228,1.5,1255,+/- 222,1.5,919,+/- 238,1.2,564,+/- 100,1.4,1129,+/- 212,1.7,347,+/- 112,0.7,2060,+/- 284,2.3,479,+/- 105,2.3,185,+/- 91,0.7,435,+/- 129,1.6,1404,+/- 296,1.5,1131,+/- 267,1.8,748,+/- 149,2.2,1243,+/- 250,1.1
Median age in years,32.1,+/- 0.8,,40.8,+/- 1.8,,36,+/- 0.9,,34.7,+/- 0.5,,35.6,+/- 1,,31.6,+/- 0.5,,36.9,+/- 1.2,,32.5,+/- 0.6,,34.2,+/- 1.1,,35,+/- 1.4,,39.8,+/- 1.2,,37.9,+/- 0.9,,40,+/- 0.7,,32.2,+/- 0.7,,37.8,+/- 1.2,,31.1,+/- 1.4,,30.3,+/- 0.5,,27.8,+/- 0.7,,44.2,+/- 1.3,,33.8,+/- 1.1,,39,+/- 1.4,,38.2,+/- 1,,40.5,+/- 0.9,,38.3,+/- 1.3,,32.4,+/- 0.5,
  5 years and over,-,,,-,,,-,,,-,,,-,,,-,,,-,,,-,,,-,,,-,,,-,,,-,,,-,,,-,,,-,,,-,,,-,,,-,,,-,,,-,,,-,,,-,,,-,,,-,,,-,,
  15 years and over,53058,+/- 1302,77.1,15930,+/- 750,84.2,51261,+/- 1778,82.6,81503,+/- 2126,81.3,21874,+/- 916,80.6,58041,+/- 1668,76.3,16355,+/- 785,81.5,75889,+/- 1655,76.9,52006,+/- 1735,86.3,29482,+/- 1451,80.8,62356,+/- 1531,82.6,81860,+/- 1832,81.6,73892,+/- 2209,85.5,60410,+/- 1611,76.8,33645,+/- 1011,82.1,49175,+/- 1927,73.3,40503,+/- 1534,82.1,61571,+/- 1715,68.4,17714,+/- 616,85.3,22510,+/- 1317,81.6,23147,+/- 1101,84.5,78381,+/- 1937,83.4,52218,+/- 2094,84.4,28012,+/- 1191,82.1,86100,+/- 2364,76.6
  Under 18 years of age,18636,+/- 1131,27.1,3784,+/- 366,20,12909,+/- 766,20.8,22642,+/- 1108,22.6,6475,+/- 470,23.9,21926,+/- 1103,28.8,4499,+/- 384,22.4,26848,+/- 1234,27.2,10151,+/- 918,16.8,8793,+/- 702,24.1,15869,+/- 881,21,22442,+/- 946,22.4,14788,+/- 917,17.1,21228,+/- 1217,27,8887,+/- 591,21.7,20578,+/- 1341,30.7,10324,+/- 735,20.9,32619,+/- 1222,36.2,3738,+/- 311,18,5902,+/- 484,21.4,5356,+/- 473,19.5,18568,+/- 1047,19.8,11192,+/- 980,18.1,7297,+/- 566,21.4,30446,+/- 1446,27.1
  18 years and over,50160,+/- 1627,72.9,15145,+/- 687,80,49144,+/- 1425,79.2,77635,+/- 1973,77.4,20650,+/- 737,76.1,54152,+/- 1809,71.2,15578,+/- 666,77.6,71812,+/- 1842,72.8,50103,+/- 2040,83.2,27696,+/- 1199,75.9,59582,+/- 1401,79,77889,+/- 1575,77.6,71633,+/- 1969,82.9,57419,+/- 1828,73,32115,+/- 1044,78.3,46516,+/- 1814,69.3,38986,+/- 1372,79.1,57417,+/- 1541,63.8,17021,+/- 653,82,21700,+/- 1042,78.6,22047,+/- 892,80.5,75399,+/- 1982,80.2,50652,+/- 1930,81.9,26821,+/- 938,78.6,81979,+/- 2323,72.9
  21 years and over,47001,+/- 1563,68.3,14415,+/- 669,76.2,44892,+/- 1361,72.3,74548,+/- 1936,74.3,19362,+/- 716,71.4,50789,+/- 1758,66.8,14934,+/- 653,74.4,67570,+/- 1788,68.5,48182,+/- 2003,80,26030,+/- 1166,71.3,57104,+/- 1367,75.7,73951,+/- 1531,73.7,69341,+/- 1934,80.2,54603,+/- 1785,69.4,30682,+/- 1018,74.8,43649,+/- 1752,65.1,37415,+/- 1344,75.9,54248,+/- 1501,60.3,16514,+/- 642,79.6,20952,+/- 1027,75.9,20950,+/- 871,76.5,72628,+/- 1939,77.3,49409,+/- 1906,79.9,25656,+/- 920,75.2,78087,+/- 2259,69.5
  25 years and over,42234,+/- 1449,61.4,13594,+/- 645,71.8,40975,+/- 1288,66,68636,+/- 1853,68.4,17904,+/- 678,66,45791,+/- 1656,60.2,13735,+/- 627,68.4,61661,+/- 1703,62.5,43469,+/- 1907,72.1,23940,+/- 1122,65.6,52931,+/- 1316,70.2,68092,+/- 1450,67.9,65644,+/- 1867,76,49291,+/- 1689,62.7,28083,+/- 980,68.5,40221,+/- 1673,59.9,32689,+/- 1245,66.3,49091,+/- 1431,54.5,15210,+/- 609,73.3,19434,+/- 994,70.4,19164,+/- 825,69.9,67864,+/- 1871,72.2,47200,+/- 1866,76.3,23737,+/- 888,69.6,71881,+/- 2189,63.9
  62 years and over,9639,+/- 667,14,3455,+/- 303,18.3,11037,+/- 629,17.8,15082,+/- 862,15,3696,+/- 292,13.6,7696,+/- 646,10.1,2666,+/- 235,13.3,11736,+/- 695,11.9,8439,+/- 754,14,5557,+/- 497,15.2,16265,+/- 686,21.6,17308,+/- 693,17.3,15567,+/- 889,18,9509,+/- 710,12.1,6261,+/- 436,15.3,10291,+/- 769,15.3,4092,+/- 410,8.3,13039,+/- 684,14.5,4600,+/- 306,22.2,2828,+/- 330,10.2,4882,+/- 392,17.8,15948,+/- 878,17,11713,+/- 893,18.9,6104,+/- 438,17.9,12294,+/- 813,10.9
  65 years and over,7663,+/- 517,11.1,2870,+/- 262,15.2,8677,+/- 550,14,11923,+/- 676,11.9,2780,+/- 256,10.2,6152,+/- 483,8.1,2113,+/- 231,10.5,8934,+/- 623,9.1,6548,+/- 619,10.9,4469,+/- 372,12.2,13551,+/- 558,18,13606,+/- 626,13.6,13105,+/- 994,15.2,7812,+/- 566,9.9,5179,+/- 393,12.6,8316,+/- 592,12.4,3316,+/- 363,6.7,10627,+/- 672,11.8,3979,+/- 297,19.2,2212,+/- 342,8,3963,+/- 329,14.5,12737,+/- 796,13.6,9640,+/- 723,15.6,5247,+/- 407,15.4,9719,+/- 712,8.6
D2. AGE AND SEX,,,,,,,,,,,,,,,,,,,,,,,,,,,,,,,,,,,,,,,,,,,,,,,,,,,,,,,,,,,,,,,,,,,,,,,,,,,
Universe: Total population,,,,,,,,,,,,,,,,,,,,,,,,,,,,,,,,,,,,,,,,,,,,,,,,,,,,,,,,,,,,,,,,,,,,,,,,,,,
Total population,68796,+/- 1716,,18929,+/- 861,,62053,+/- 2158,,100277,+/- 2755,,27125,+/- 1152,,76078,+/- 1927,,20077,+/- 917,,98660,+/- 2227,,60254,+/- 2086,,36489,+/- 1610,,75451,+/- 1976,,100331,+/- 2339,,86421,+/- 2690,,78647,+/- 2135,,41002,+/- 1295,,67094,+/- 2785,,49310,+/- 1833,,90036,+/- 2709,,20759,+/- 771,,27602,+/- 1461,,27403,+/- 1261,,93967,+/- 2535,,61844,+/- 2482,,34118,+/- 1408,,112425,+/- 3121,
  Male,33428,+/- 1292,48.6,9208,+/- 578,48.6,29294,+/- 1260,47.2,45123,+/- 1574,45,13398,+/- 746,49.4,34800,+/- 1203,45.7,9918,+/- 565,49.4,45869,+/- 1548,46.5,30567,+/- 1506,50.7,16723,+/- 1080,45.8,33245,+/- 1321,44.1,43752,+/- 1287,43.6,44369,+/- 1526,51.3,37011,+/- 1316,47.1,20497,+/- 796,50,30803,+/- 1648,45.9,25382,+/- 1069,51.5,44986,+/- 1621,50,9582,+/- 427,46.2,14304,+/- 1238,51.8,12851,+/- 757,46.9,47038,+/- 1516,50.1,30769,+/- 1570,49.8,16785,+/- 796,49.2,58465,+/- 2057,52
    18 years old and over,23633,+/- 1155,70.7,7329,+/- 473,79.6,22768,+/- 939,77.7,33906,+/- 1216,75.1,10106,+/- 598,75.4,24585,+/- 1126,70.6,7543,+/- 486,76.1,32382,+/- 1208,70.6,25029,+/- 1317,81.9,12495,+/- 932,74.7,25245,+/- 1023,75.9,32788,+/- 1019,74.9,36759,+/- 1281,82.8,26445,+/- 1079,71.5,15771,+/- 644,76.9,20548,+/- 1117,66.7,20021,+/- 908,78.9,28459,+/- 1014,63.3,7636,+/- 353,79.7,11538,+/- 1242,80.7,10211,+/- 669,79.5,37647,+/- 1269,80,24763,+/- 1218,80.5,13116,+/- 637,78.1,43182,+/- 1578,73.9
    65 years old and over,3078,+/- 383,9.2,1257,+/- 188,13.7,3758,+/- 343,12.8,4478,+/- 486,9.9,1184,+/- 164,8.8,2405,+/- 358,6.9,864,+/- 144,8.7,3499,+/- 359,7.6,2664,+/- 448,8.7,1707,+/- 276,10.2,5141,+/- 382,15.5,4984,+/- 350,11.4,5595,+/- 554,12.6,3049,+/- 405,8.2,2365,+/- 271,11.5,3510,+/- 437,11.4,1379,+/- 248,5.4,4451,+/- 391,9.9,1499,+/- 170,15.6,970,+/- 189,6.8,1635,+/- 227,12.7,5313,+/- 494,11.3,3550,+/- 535,11.5,2160,+/- 260,12.9,4038,+/- 452,6.9
  Female,35368,+/- 1201,51.4,9721,+/- 543,51.4,32759,+/- 1292,52.8,55154,+/- 1667,55,13727,+/- 611,50.6,41278,+/- 1244,54.3,10159,+/- 568,50.6,52791,+/- 1237,53.5,29687,+/- 1430,49.3,19766,+/- 960,54.2,42206,+/- 1291,55.9,56579,+/- 1612,56.4,42052,+/- 1673,48.7,41636,+/- 1453,52.9,20505,+/- 756,50,36291,+/- 1811,54.1,23928,+/- 1079,48.5,45050,+/- 1482,50,11177,+/- 512,53.8,13298,+/- 665,48.2,14552,+/- 784,53.1,46929,+/- 1679,49.9,31075,+/- 1667,50.2,17333,+/- 855,50.8,53960,+/- 1696,48
    18 years old and over,26527,+/- 903,75,7816,+/- 370,80.4,26376,+/- 1048,80.5,43729,+/- 1275,79.3,10544,+/- 441,76.8,29567,+/- 960,71.6,8035,+/- 461,79.1,39430,+/- 853,74.7,25074,+/- 1159,84.5,15201,+/- 776,76.9,34337,+/- 956,81.4,45101,+/- 1109,79.7,34874,+/- 1314,82.9,30974,+/- 990,74.4,16344,+/- 560,79.7,25968,+/- 1175,71.6,18965,+/- 846,79.3,28958,+/- 832,64.3,9385,+/- 401,84,10162,+/- 460,76.4,11836,+/- 639,81.3,37752,+/- 1239,80.4,25889,+/- 1367,83.3,13705,+/- 645,79.1,38797,+/- 1247,71.9
    65 years old and over,4585,+/- 431,13,1613,+/- 201,16.6,4919,+/- 433,15,7445,+/- 607,13.5,1596,+/- 199,11.6,3747,+/- 456,9.1,1249,+/- 151,12.3,5435,+/- 481,10.3,3884,+/- 495,13.1,2762,+/- 321,14,8410,+/- 477,19.9,8622,+/- 493,15.2,7510,+/- 606,17.9,4763,+/- 495,11.4,2814,+/- 294,13.7,4806,+/- 508,13.2,1937,+/- 275,8.1,6176,+/- 490,13.7,2480,+/- 225,22.2,1242,+/- 211,9.3,2328,+/- 273,16,7424,+/- 597,15.8,6090,+/- 618,19.6,3087,+/- 320,17.8,5681,+/- 552,10.5
D3. RACE,,,,,,,,,,,,,,,,,,,,,,,,,,,,,,,,,,,,,,,,,,,,,,,,,,,,,,,,,,,,,,,,,,,,,,,,,,,
Universe: Total population,,,,,,,,,,,,,,,,,,,,,,,,,,,,,,,,,,,,,,,,,,,,,,,,,,,,,,,,,,,,,,,,,,,,,,,,,,,
Total population,68796,+/- 1716,,18929,+/- 861,,62053,+/- 2158,,100277,+/- 2755,,27125,+/- 1152,,76078,+/- 1927,,20077,+/- 917,,98660,+/- 2227,,60254,+/- 2086,,36489,+/- 1610,,75451,+/- 1976,,100331,+/- 2339,,86421,+/- 2690,,78647,+/- 2135,,41002,+/- 1295,,67094,+/- 2785,,49310,+/- 1833,,90036,+/- 2709,,20759,+/- 771,,27602,+/- 1461,,27403,+/- 1261,,93967,+/- 2535,,61844,+/- 2482,,34118,+/- 1408,,112425,+/- 3121,
  One race,66171,+/- 2908,96.2,16742,+/- 1246,88.4,59060,+/- 2404,95.2,97600,+/- 3325,97.3,25438,+/- 1383,93.8,72567,+/- 3028,95.4,19177,+/- 1191,95.5,96857,+/- 3037,98.2,50101,+/- 3185,83.1,35333,+/- 2327,96.8,74218,+/- 2000,98.4,98909,+/- 2407,98.6,83735,+/- 3442,96.9,76171,+/- 2978,96.9,38236,+/- 1931,93.3,65515,+/- 3588,97.6,47733,+/- 2674,96.8,89224,+/- 3180,99.1,20482,+/- 839,98.7,26248,+/- 1789,95.1,26781,+/- 1567,97.7,91897,+/- 3331,97.8,59583,+/- 3005,96.3,32918,+/- 1697,96.5,110033,+/- 5127,97.9
    White alone,10270,+/- 1246,14.9,4295,+/- 522,22.7,11857,+/- 1060,19.1,15288,+/- 1461,15.2,7440,+/- 708,27.4,9592,+/- 1217,12.6,1132,+/- 299,5.6,25549,+/- 1918,25.9,17917,+/- 1501,29.7,1432,+/- 573,3.9,3330,+/- 559,4.4,5879,+/- 761,5.9,42254,+/- 2446,48.9,9933,+/- 1321,12.6,18122,+/- 1313,44.2,26121,+/- 1989,38.9,20736,+/- 1499,42.1,60521,+/- 2571,67.2,699,+/- 314,3.4,11391,+/- 1019,41.3,964,+/- 256,3.5,20359,+/- 1848,21.7,35443,+/- 2171,57.3,9834,+/- 1110,28.8,42338,+/- 3110,37.7
    Black or African American,18821,+/- 1316,27.4,3982,+/- 540,21,9931,+/- 943,16,68415,+/- 2503,68.2,1705,+/- 334,6.3,25249,+/- 1625,33.2,12389,+/- 849,61.7,53666,+/- 1873,54.4,17982,+/- 1793,29.8,23459,+/- 1594,64.3,67171,+/- 1819,89,86679,+/- 2143,86.4,2299,+/- 494,2.7,16529,+/- 1324,21,1921,+/- 384,4.7,31425,+/- 2627,46.8,6670,+/- 1120,13.5,931,+/- 248,1,19233,+/- 737,92.6,1772,+/- 890,6.4,20884,+/- 1338,76.2,2003,+/- 525,2.1,1973,+/- 551,3.2,5546,+/- 499,16.3,11805,+/- 1961,10.5
    American Indian and Alaska Native,971,+/- 587,1.4,43,+/- 37,0.2,381,+/- 199,0.6,297,+/- 254,0.3,12,+/- 19,,285,+/- 145,0.4,133,+/- 79,0.7,339,+/- 205,0.3,168,+/- 131,0.3,6,+/- 10,,114,+/- 79,0.2,158,+/- 82,0.2,327,+/- 226,0.4,814,+/- 341,1,251,+/- 132,0.6,132,+/- 153,0.2,388,+/- 235,0.8,224,+/- 137,0.2,18,+/- 27,0.1,288,+/- 178,1,209,+/- 179,0.8,826,+/- 408,0.9,246,+/- 155,0.4,84,+/- 66,0.2,737,+/- 299,0.7
    Asian,4581,+/- 975,6.7,4877,+/- 624,25.8,25816,+/- 1450,41.6,2896,+/- 673,2.9,9033,+/- 879,33.3,1107,+/- 298,1.5,2116,+/- 495,10.5,5621,+/- 784,5.7,2380,+/- 624,3.9,3195,+/- 941,8.8,1431,+/- 324,1.9,2720,+/- 498,2.7,32108,+/- 2142,37.2,2280,+/- 503,2.9,8029,+/- 830,19.6,2348,+/- 704,3.5,3636,+/- 600,7.4,22042,+/- 1484,24.5,58,+/- 53,0.3,5278,+/- 675,19.1,1122,+/- 302,4.1,45690,+/- 1859,48.6,12695,+/- 1383,20.5,4207,+/- 525,12.3,13463,+/- 1413,12
    Native Hawaiian and Other Pacific Islander,-,,,87,+/- 116,0.5,108,+/- 117,0.2,-,,,5,+/- 30,,171,+/- 232,0.2,-,,,62,+/- 103,0.1,74,+/- 110,0.1,9,+/- 14,,-,,,15,+/- 27,,-,,,8,+/- 15,,-,,,90,+/- 116,0.1,23,+/- 28,,14,+/- 21,,-,,,-,,,59,+/- 76,0.2,11,+/- 16,,141,+/- 147,0.2,-,,,13,+/- 20,
    Some other race,31528,+/- 1969,45.8,3458,+/- 764,18.3,10967,+/- 1269,17.7,10704,+/- 1463,10.7,7243,+/- 726,26.7,36163,+/- 2210,47.5,3407,+/- 598,17,11620,+/- 1171,11.8,11580,+/- 2063,19.2,7232,+/- 1289,19.8,2172,+/- 518,2.9,3458,+/- 607,3.4,6747,+/- 989,7.8,46607,+/- 2236,59.3,9913,+/- 1072,24.2,5399,+/- 1218,8,16280,+/- 1798,33,5492,+/- 1105,6.1,474,+/- 242,2.3,7519,+/- 939,27.2,3543,+/- 686,12.9,23008,+/- 1945,24.5,9085,+/- 1433,14.7,13247,+/- 1057,38.8,41677,+/- 3268,37.1
  Two or more races,2625,+/- 708,3.8,2187,+/- 429,11.6,2993,+/- 523,4.8,2677,+/- 510,2.7,1687,+/- 363,6.2,3511,+/- 740,4.6,900,+/- 264,4.5,1803,+/- 359,1.8,10153,+/- 1539,16.9,1156,+/- 587,3.2,1233,+/- 299,1.6,1422,+/- 413,1.4,2686,+/- 682,3.1,2476,+/- 629,3.1,2766,+/- 670,6.7,1579,+/- 496,2.4,1577,+/- 366,3.2,812,+/- 303,0.9,277,+/- 132,1.3,1354,+/- 303,4.9,622,+/- 236,2.3,2070,+/- 480,2.2,2261,+/- 515,3.7,1200,+/- 271,3.5,2392,+/- 547,2.1
  White (alone or in combination),11953,+/- 1467,17.4,4913,+/- 601,26,13599,+/- 1188,21.9,17276,+/- 1470,17.2,8346,+/- 740,30.8,12119,+/- 1279,15.9,1354,+/- 298,6.7,26402,+/- 1934,26.8,27072,+/- 2067,44.9,1797,+/- 634,4.9,3919,+/- 592,5.2,6527,+/- 795,6.5,44308,+/- 2533,51.3,11462,+/- 1383,14.6,19911,+/- 1363,48.6,26960,+/- 1931,40.2,21777,+/- 1561,44.2,61167,+/- 2608,67.9,766,+/- 321,3.7,12594,+/- 1055,45.6,1055,+/- 253,3.8,21823,+/- 1904,23.2,37225,+/- 2175,60.2,10760,+/- 1092,31.5,43928,+/- 3041,39.1
  Black (alone or in combination),20150,+/- 1338,29.3,4770,+/- 589,25.2,11039,+/- 945,17.8,69703,+/- 2456,69.5,2252,+/- 358,8.3,27616,+/- 1649,36.3,12945,+/- 835,64.5,54888,+/- 1861,55.6,26486,+/- 2160,44,24254,+/- 1601,66.5,67977,+/- 1809,90.1,87662,+/- 2160,87.4,2812,+/- 577,3.3,18087,+/- 1309,23,2863,+/- 518,7,32786,+/- 2582,48.9,7451,+/- 1095,15.1,1246,+/- 298,1.4,19475,+/- 753,93.8,2467,+/- 912,8.9,21302,+/- 1329,77.7,2472,+/- 590,2.6,2435,+/- 612,3.9,6112,+/- 526,17.9,12777,+/- 2088,11.4
  American Indian (alone or in combination),1392,+/- 642,2,280,+/- 212,1.5,1077,+/- 366,1.7,773,+/- 311,0.8,177,+/- 129,0.7,809,+/- 272,1.1,332,+/- 125,1.7,792,+/- 305,0.8,1279,+/- 483,2.1,200,+/- 168,0.5,478,+/- 242,0.6,396,+/- 146,0.4,1073,+/- 544,1.2,1112,+/- 376,1.4,390,+/- 187,1,403,+/- 192,0.6,533,+/- 261,1.1,390,+/- 179,0.4,68,+/- 40,0.3,598,+/- 262,2.2,365,+/- 200,1.3,1324,+/- 452,1.4,912,+/- 378,1.5,242,+/- 101,0.7,1040,+/- 364,0.9
  Asian (alone or in combination),5336,+/- 994,7.8,6161,+/- 663,32.5,27383,+/- 1480,44.1,4009,+/- 726,4,9732,+/- 898,35.9,1523,+/- 452,2,2513,+/- 564,12.5,6162,+/- 816,6.2,3326,+/- 785,5.5,3429,+/- 925,9.4,1820,+/- 351,2.4,3474,+/- 635,3.5,33373,+/- 2131,38.6,2776,+/- 554,3.5,8631,+/- 865,21.1,2622,+/- 754,3.9,4214,+/- 609,8.5,22318,+/- 1470,24.8,126,+/- 65,0.6,5670,+/- 669,20.5,1439,+/- 367,5.3,46611,+/- 1927,49.6,13426,+/- 1397,21.7,4488,+/- 531,13.2,13865,+/- 1452,12.3
  Native Hawaiian (alone or in combination),43,+/- 54,0.1,292,+/- 202,1.5,269,+/- 182,0.4,26,+/- 40,,18,+/- 33,0.1,333,+/- 260,0.4,127,+/- 96,0.6,155,+/- 120,0.2,167,+/- 135,0.3,157,+/- 183,0.4,12,+/- 20,,22,+/- 29,,188,+/- 227,0.2,36,+/- 27,,46,+/- 38,0.1,181,+/- 149,0.3,117,+/- 63,0.2,39,+/- 36,,-,,,46,+/- 71,0.2,64,+/- 77,0.2,237,+/- 192,0.3,263,+/- 272,0.4,127,+/- 130,0.4,264,+/- 198,0.2
  Some other race (alone or in combination),32673,+/- 1966,47.5,4833,+/- 849,25.5,11986,+/- 1290,19.3,11350,+/- 1448,11.3,8401,+/- 776,31,37441,+/- 2202,49.2,3851,+/- 616,19.2,12279,+/- 1163,12.4,12540,+/- 2056,20.8,7845,+/- 1411,21.5,2546,+/- 554,3.4,3785,+/- 658,3.8,7559,+/- 1087,8.7,47753,+/- 2259,60.7,12100,+/- 1149,29.5,5840,+/- 1283,8.7,16863,+/- 1730,34.2,5777,+/- 1136,6.4,613,+/- 264,3,7828,+/- 961,28.4,3850,+/- 726,14,23677,+/- 1919,25.2,10009,+/- 1537,16.2,13722,+/- 1076,40.2,43012,+/- 3203,38.3
D4. HISPANIC OR LATINO (ANY RACE),,,,,,,,,,,,,,,,,,,,,,,,,,,,,,,,,,,,,,,,,,,,,,,,,,,,,,,,,,,,,,,,,,,,,,,,,,,
Universe: Total population,,,,,,,,,,,,,,,,,,,,,,,,,,,,,,,,,,,,,,,,,,,,,,,,,,,,,,,,,,,,,,,,,,,,,,,,,,,
Total population,68796,+/- 1716,,18929,+/- 861,,62053,+/- 2158,,100277,+/- 2755,,27125,+/- 1152,,76078,+/- 1927,,20077,+/- 917,,98660,+/- 2227,,60254,+/- 2086,,36489,+/- 1610,,75451,+/- 1976,,100331,+/- 2339,,86421,+/- 2690,,78647,+/- 2135,,41002,+/- 1295,,67094,+/- 2785,,49310,+/- 1833,,90036,+/- 2709,,20759,+/- 771,,27602,+/- 1461,,27403,+/- 1261,,93967,+/- 2535,,61844,+/- 2482,,34118,+/- 1408,,112425,+/- 3121,
  Hispanic or Latino of any race,44403,+/- 1632,64.5,4795,+/- 724,25.3,15162,+/- 1266,24.4,17145,+/- 1583,17.1,12243,+/- 838,45.1,51823,+/- 2221,68.1,2969,+/- 497,14.8,40756,+/- 2017,41.3,30955,+/- 1990,51.4,6893,+/- 1110,18.9,4846,+/- 680,6.4,7166,+/- 889,7.1,32900,+/- 2356,38.1,59588,+/- 2262,75.8,24042,+/- 1522,58.6,17688,+/- 1660,26.4,31052,+/- 1964,63,10913,+/- 1517,12.1,1369,+/- 323,6.6,13974,+/- 1087,50.6,3405,+/- 612,12.4,38896,+/- 2113,41.4,35600,+/- 2213,57.6,21701,+/- 1329,63.6,84868,+/- 3131,75.5
  Not Hispanic or Latino,24393,+/- 1478,35.5,14134,+/- 789,74.7,46891,+/- 1797,75.6,83132,+/- 2477,82.9,14882,+/- 972,54.9,24255,+/- 1777,31.9,17108,+/- 883,85.2,57904,+/- 1901,58.7,29299,+/- 1745,48.6,29596,+/- 1495,81.1,70605,+/- 1969,93.6,93165,+/- 2396,92.9,53521,+/- 2300,61.9,19059,+/- 1271,24.2,16960,+/- 940,41.4,49406,+/- 2467,73.6,18258,+/- 1071,37,79123,+/- 2271,87.9,19390,+/- 764,93.4,13628,+/- 1079,49.4,23998,+/- 1375,87.6,55071,+/- 1924,58.6,26244,+/- 1607,42.4,12417,+/- 827,36.4,27557,+/- 2049,24.5
    White alone,1795,+/- 435,2.6,2095,+/- 373,11.1,8027,+/- 800,12.9,12161,+/- 1252,12.1,3448,+/- 436,12.7,1446,+/- 459,1.9,308,+/- 117,1.5,2388,+/- 505,2.4,10485,+/- 953,17.4,600,+/- 480,1.6,2881,+/- 487,3.8,4333,+/- 620,4.3,18107,+/- 1046,21,2323,+/- 411,3,6898,+/- 616,16.8,16075,+/- 1253,24,9791,+/- 689,19.9,55723,+/- 2422,61.9,207,+/- 96,1,6141,+/- 527,22.2,434,+/- 136,1.6,6148,+/- 581,6.5,11022,+/- 886,17.8,2747,+/- 416,8.1,4409,+/- 772,3.9
    Black or African American alone,16343,+/- 1115,23.8,3834,+/- 538,20.3,9134,+/- 813,14.7,65421,+/- 2449,65.2,1294,+/- 288,4.8,20567,+/- 1553,27,11991,+/- 819,59.7,48148,+/- 1738,48.8,14291,+/- 1361,23.7,22628,+/- 1514,62,65073,+/- 1890,86.2,84496,+/- 2182,84.2,1624,+/- 389,1.9,12763,+/- 1146,16.2,1210,+/- 295,3,29701,+/- 2307,44.3,3718,+/- 647,7.5,815,+/- 235,0.9,18790,+/- 754,90.5,1372,+/- 734,5,20276,+/- 1311,74,1646,+/- 495,1.8,1465,+/- 493,2.4,5063,+/- 475,14.8,9291,+/- 1749,8.3
    American Indian and Alaska Native alone,234,+/- 162,0.3,28,+/- 28,0.1,257,+/- 175,0.4,159,+/- 182,0.2,1,+/- 2,,89,+/- 79,0.1,87,+/- 66,0.4,17,+/- 21,,61,+/- 78,0.1,6,+/- 10,,101,+/- 76,0.1,85,+/- 59,0.1,205,+/- 176,0.2,443,+/- 270,0.6,68,+/- 73,0.2,-,,,151,+/- 128,0.3,101,+/- 89,0.1,18,+/- 27,0.1,91,+/- 74,0.3,194,+/- 177,0.7,435,+/- 317,0.5,40,+/- 52,0.1,51,+/- 54,0.1,209,+/- 185,0.2
    Asian alone,4483,+/- 944,6.5,4805,+/- 618,25.4,25619,+/- 1432,41.3,2878,+/- 671,2.9,8979,+/- 878,33.1,1027,+/- 304,1.3,2084,+/- 490,10.4,5621,+/- 784,5.7,2279,+/- 576,3.8,3195,+/- 941,8.8,1339,+/- 291,1.8,2679,+/- 495,2.7,31843,+/- 2132,36.8,2224,+/- 492,2.8,7932,+/- 836,19.3,2320,+/- 707,3.5,3557,+/- 606,7.2,22002,+/- 1486,24.4,58,+/- 53,0.3,5268,+/- 670,19.1,1122,+/- 302,4.1,45348,+/- 1818,48.3,12490,+/- 1396,20.2,4196,+/- 526,12.3,12613,+/- 1204,11.2
    Native Hawaiian and Other Pacific Islander alone,-,,,20,+/- 34,0.1,22,+/- 35,,-,,,5,+/- 30,,13,+/- 21,,-,,,2,+/- 5,,-,,,9,+/- 14,,-,,,-,,,-,,,-,,,-,,,90,+/- 116,0.1,4,+/- 8,,-,,,-,,,-,,,59,+/- 76,0.2,11,+/- 16,,86,+/- 129,0.1,-,,,-,,
